"150374038";"http://giantbomb.com/podcast-xml/bombcast-aftermath"
"150373579";"http://feeds.feedburner.com/P3rss"
"150370996";"http://ujnemzedek.hu/rss"
"150369867";"http://n-club.dk/rss"
"150369085";"https://www.newscast.gr/rss/roh.html"
"150368707";"http://www.main-echo.de/rss/startseite.xml"
"150368674";"https://nerd-news.de/feed/"
"150368539";"http://playr.cz/feed/"
"150368475";"http://novaja.lv/index.rss"
"150368194";"http://nextpowerup.com/rss"
"150368100";"http://melty.es/actu.rss"
"150368077";"http://feeds.feedburner.com/jeux-flash-divertissezvous"
"150367996";"http://www.sosiphone.com/blogiphone/feed/"
"150367936";"https://www.nintendon.it/feed"
"150367725";"http://www.techarena.it/feed/"
"150367679";"http://nol.hu/feed"
"150367643";"https://gamedot.pl/newslist.rss?count=30"
"150367588";"http://starcraft2.fureur.org/rss"
"150367587";"http://trackmania.fureur.org/rss"
"150367485";"http://curierulnational.ro/feed.xml"
"150367438";"http://de.mmofacts.com/magazin/feed"
"150367389";"http://arenazero.net/rss/"
"150367227";"https://spieletrend.com/feed/"
"150367224";"http://looki.de/feeds/news.html?show=all"
"150367150";"http://tayo.fr/news-rss.xml"
"150367122";"http://lol.fureur.org/rss"
"150366989";"http://www.gamenguide.com/rss/archives/archives.xml"
"150366954";"http://www.games-utilities.com/feed/"
"150366870";"http://www.itechpost.com/rss/archives/archives.xml"
"150366818";"http://re-play.cz/rss"
"150366622";"http://androidflagship.com/feed"
"150366539";"https://www.hautbasgauchedroite.fr/podcast/podcast.xml"
"150365749";"http://www.audiovideohd.fr/rss.xml"
"150365702";"http://feed.impuls.cz/mixed.rss"
"150365607";"https://killscreen.com/feed/"
"150365521";"http://www.darkhorrorgames.com/rss.php"
"150365390";"https://feeds.feedburner.com/zazoom"
"150365381";"http://games.newsgo.it/feed/"
"150365359";"http://www.ljudochbild.se/feed/"
"150365308";"https://www.prolificnorth.co.uk/rss.xml"
"150365234";"http://kuriren.nu/noje/rss/"
"150365223";"http://mgnews.ru/rss"
"150364651";"http://gameitems.com/rss.php"
"150364581";"http://gameabout.com/rss"
"150364252";"http://critiqueslibres.com/i.php/rss2"
"150364187";"https://multiplay.com/feed/"
"150363965";"http://www.rpgsoluce.com/rss/articles.xml"
"150363942";"http://quakenet.org/atom.xml"
"150363939";"http://www.ps3trophies.com/rss.xml"
"150363883";"https://www.osi.es/es/rss.xml"
"150363843";"http://enet.gr/rss?i=news.el.article"
"150363842";"http://news.matia.gr/feed/"
"150363701";"http://www.gameplorer.de/feed/"
"150363692";"http://www.mbnet.fi/feed/"
"150363607";"http://www.playzone.cz/rss.xml"
"150363157";"http://slingshotesports.com/feed/"
"150363072";"http://hernifanda.4fan.cz/feed"
"150363045";"http://themusic.com.au/feed.rss"
"150363018";"http://e-sport.c0.pl/?feed=rss2"
"150362993";"http://ng.se/feedstart"
"150362950";"http://bolumsonucanavari.com/Rss/VideoIncelemeler.htm"
"150362755";"http://telecharger.itespresso.fr/feed/"
"150362666";"http://www.android-mt.com/feed"
"150362607";"http://www.aktiencheck.de/rss/analysen.rss2"
"150362103";"http://100franquicias.com/noticias.xml"
"150362009";"http://quefaire.be/rss.php?rss=2_0_0"
"150361906";"http://descargar.mp3.es/rss/show/8"
"150361854";"http://feeds.feedburner.com/digitallifemag?format=xml"
"150361853";"https://www.digitallife.gr/feed"
"150361850";"http://www.video.v10.pl/rss/najnowsze/"
"150361830";"http://www.gry.v10.pl/gryrss.xml"
"150361736";"http://mmo.justnetwork.eu/feed/"
"150361705";"http://www.bluesnews.com/news/news_1_0.rdf"
"150361699";"http://www.setcombg.com/rss.asp"
"150361649";"https://www.torcedores.com/comments/feed"
"150361481";"https://down2hub.com/feed/"
"150361395";"http://gbb.grosbill.com/feed/"
"150361349";"http://www.metronews.ca/feeds.topstories.rss"
"150361321";"https://www.evropa2.cz/feed"
"150361118";"https://www.uusisuomi.fi/asuminen/feed"
"150360869";"https://comments.ua/export/rss_ru.xml"
"150360663";"http://blog.feedly.com/feed/"
"150360455";"http://www.ados.fr/news.rss"
"150360436";"https://www.cinemascomics.com/feed/"
"150360371";"http://lalsace.fr/rss"
"150360046";"http://jeux-video.ados.fr/news/news.rss"
"150359993";"http://fr.canoe.ca/rss/feed/nouvelles/artdevivre_chroniques_katerinelunerollet.xml"
"150359874";"http://feeds.feedburner.com/PlayStationUniverse"
"150359544";"https://blog.edu.turku.fi/feed/"
"150359496";"http://www.eldia.es/rss/eldia.rss"
"150359304";"http://news.data.bg/news.xml"
"150359179";"http://www.ag.ru/rss/ag.xml"
"150359121";"http://dna.fr/rss"
"150358630";"http://ticker.gulli.com/rss"
"150358572";"http://www.ga-bonn.de/?service=rss&amp;p=galoc-bonnregion.xml"
"150358467";"http://gomorrha.xobor.de/feed/all.rss"
"150358414";"http://www.gamershell.com/syndication/news/latestnews.xml"
"150358348";"http://feeds.feedburner.com/feedreadernews"
"150358258";"https://www.thetechgame.com/rss.php"
"150358196";"https://opengameart.org/blog-rss.xml"
