"sportnews.bz";"http://www.sportnews.bz/rss.xml"
"kostenlosspielen.net";"http://kostenlosspielen.net/rss/"
"morele.net";"http://www.morele.net/rss"
"macfreak.nl";"https://www.macfreak.nl/.xml/?type=rss;PHPSESSID=dg66cm90oe1hug4kljr7dblvu4"
"oculusrift-blog.com";"https://oculusrift-blog.com/feed/"
"beastsofwar.com";"https://www.beastsofwar.com/activity/feed/"
"nicematin.com";"http://nicematin.com/rss"
"ps3hits.ru";"http://ps3hits.ru/comments/feed"
"kronika.civilradio.hu";"https://kronika.civilradio.hu/feed/"
"inn-joy.de";"https://inn-joy.de/?format=feed&amp;type=rss"
"hookshotinc.com";"http://www.hookshotinc.com/feed/"
"planet3dnow.de";"https://www.planet3dnow.de/cms/feed/"
"zf.ro";"http://zf.ro/rss/"
"garagebandgamers.com";"https://garagebandgamers.com/feed"
"machinimasboc.com";"https://www.sbocmedia.com/feed/"
"gameactuality.com";"https://gameactuality.com/feed/"
"franceculture.fr";"https://www.franceculture.fr/rss"
"flashbackgaming.blogfree.net";"https://top.blogfree.net/rss.php?c=1"
"lev3lup.be";"http://www.lev3lup.be/feed/"
"greek-inews.blogspot.co.uk";"http://ow.ly/P0uI30iaJqR"
"mobile-reviews.de";"https://mobile-reviews.de/rss"
"italiatopgames.it";"https://www.italiatopgames.it/feed/"
"makeuseof.com";"http://www.makeuseof.com/rss"
"notodoanimacion.es";"https://www.notodoanimacion.es/feed/"
"vsetop.com";"https://vsetop.org/rss.xml"
"playstationclan.be";"https://playstationclan.be/index.php?PHPSESSID=kfe1i5bk2q56hjvcnut7c8bb46&amp;type=rss;action=.xml"
"thesiteoueb.net";"https://www.thesiteoueb.net/backend.php"
"games-mag.de";"https://games-mag.de/feed/"
"tomshardware.de";"https://www.tomshw.de/feed/"
"macfreak.nl";"https://www.macfreak.nl/.xml/?type=rss;PHPSESSID=u7qel9uolisueln8lc56ldpndj"
"gameguyz.de";"http://www.gameguyz.de/feed/"
"meiobit.com";"https://meiobit.com/feed/"
"appunwrapper.com";"https://www.appunwrapper.com/feed/"
"liberty-news.gr";"http://liberty-news.gr/?feed=rss2"
"newseule.de";"https://www.newseule.de/feed/"
"telerama.fr";"http://www.telerama.fr/rss/une.xml"
"arhn.eu";"https://arhn.eu/feed/"
"tagblatt.ch";"http://tagblatt.ch/startseite_stg.rss"
"knizzful.com";"https://www.knizzful.com/index.php/feed/"
"rendszerigeny.hu";"https://rendszerigeny.hu/feed"
"bluray-disc.de";"http://bluray-disc.de/rss.php?type=blu-ray-news"
"thegaming.website";"http://www.thegaming.website/feed"
"crn.de";"https://www.crn.de/feed/"
"3djuegos.com";"http://www.3djuegos.com/universo/rss/rss.php?plats=1-2-3-4-5-6-7-34&amp;tipos=noticia-analisis-avance-video-imagenes-demo&amp;fotos=no&amp;limit=100"
"3djuegos.com";"http://www.3djuegos.com/universo/rss/rss.php?plats=1-2-3-4-5-6-7&amp;tipos=noticia-analisis-avance-video-imagenes-demo&amp;fotos=no&amp;limit=20"
"franceculture.fr";"https://www.franceculture.fr/rss/a-la-une.xml"
"overclockersclub.com";"https://www.overclockersclub.com/feeds.php?content=news&amp;type=rss2.0"
"fantasymundo.com";"https://www.fantasymundo.com/feed/"
"playstationclan.be";"https://playstationclan.be/index.php?PHPSESSID=dfv0vrv3aajp81rabte06mior7&amp;type=rss;action=.xml"
"humo.be";"https://feeds.feedburner.com/HumoAlgemeen"
"techstory.in";"https://techstory.in/feed/"
"polygamia.de";"https://www.polygamia.de/feed"
"lapiazzettadellosport.it";"https://lapiazzettadellosport.it/feed/"
"apparata.nl";"https://www.apparata.nl/feed"
"notodoanimacion.es";"http://www.notodoanimacion.es/feed/"
"playstationclan.be";"https://playstationclan.be/index.php?PHPSESSID=1vrsv6ca4ns0n36nasdm4cf6n5&amp;type=rss;action=.xml"
"adventurecorner.de";"https://www.adventurecorner.de/news/rss"
"inn-joy.de";"http://inn-joy.de/?style=brown&amp;format=feed&amp;type=rss"
"dreadcentral.com";"https://www.dreadcentral.com/feed/"
"gamespace.hu";"https://gamespace.hu/rss.xml"
"macfreak.nl";"https://www.macfreak.nl/.xml/?type=rss;PHPSESSID=jetlq4akorlcbq09ho837p4l3s"
"expressilustrowany.pl";"http://www.expressilustrowany.pl/rss/expressilustrowany.xml?201805"
"universoxperience.com";"https://www.universoxperience.com/feed/"
"nebenjob.de";"http://nebenjob.de/feed"
"thegamer.me";"http://www.thegamer.me/?feed=rss2"
"thegaming.website";"http://www.thegaming.website/?feed=rss2"
"thenewstime.net";"http://www.thenewstime.net/index.php/feed/"
"nerdando.com";"https://nerdando.com/feed/"
"m.iltalehti.fi";"http://m.iltalehti.fi/rss.xml"
"early-access-addicts.de";"https://early-access-addicts.de/feed/"
"boiteagames.fr";"https://boiteagames.fr/feed"
"okyn.org";"https://blog.debugo.fr/feed/"
"begamer.be";"https://www.begamer.be/feed/"
"gametag.pl";"https://gametag.pl/feed"
"epicbundle.com";"https://www.epicbundle.com/rss.php"
"opnoobs.com";"https://www.opnoobs.com/itemlist?format=feed&amp;type=rss"
"gland.ro";"https://www.gland.ro/feed/"
"90sekund.pl";"https://www.90sekund.pl/feed/"
"rehwolution.it";"https://www.rehwolution.it/feed/"
"langaria.net";"https://langaria.net/feed/"
"computerhoy.com";"http://computerhoy.com/rss_all/all/rss.xml"
"allpcgame.net";"http://www.allpcgame.net/feed"
"macfreak.nl";"https://www.macfreak.nl/.xml/?type=rss;PHPSESSID=9ukpi82t54o4oi7q9h2v8jf37b"
"grajtaniej.pl";"https://grajtaniej.pl/feed/"
"rpgamer.com";"https://rpgamer.com/feed/"
"autosmasestilo.com";"http://autosmasestilo.com/feed/"
"vladtime.ru";"https://www.vladtime.ru/rss.xml"
"golem.de";"https://rss.golem.de/rss.php?feed=RSS1.0"
"inside-it.ch";"https://www.inside-it.ch/frontend/insideit?_d=_rss&amp;config=news"
"dnn-online.de";"http://www.dnn.de/rss/feed/dnn_nachrichten"
"dmagame.ru";"https://dmagame.ru/feed/"
"topfree.de";"https://www.topfree.de/feed"
"switch-actu.fr";"https://www.switch-actu.fr/feed/"
"segmentnext.com";"https://segmentnext.com/feed/"
"playstationclan.be";"https://playstationclan.be/index.php?PHPSESSID=atfjj2lfacri16b6c9fknlctq4&amp;type=rss;action=.xml"
"karpatinfo.net";"https://www.karpatinfo.net/rss.xml"
"gamingworldar.com";"https://www.gamingworldar.com/feeds/posts/default"
"succesone.fr";"https://www.succesone.fr/feed/"
"playfrance.com";"http://playfrance.com/rss.xml"
"android-mt.com";"https://www.android-mt.com/feed"
"coop-land.ru";"https://coop-land.ru/rss.xml"
"video.golem.de";"https://video.golem.de/feeds/top-videos.xml"
"nerdplanet.it";"https://www.nerdplanet.it/feed/"
"techenet.com";"https://www.techenet.com/feed/"
"game-attitude.fr";"https://game-attitude.fr/feed"
"neopf.com";"http://neopf.com/rss.xml"
"overbr.com.br";"https://overbr.com.br/feed"
"fatcatslim.ru";"https://www.fatcatslim.ru/feeds/posts/default"
"stuffmag.fr";"http://www.stuffmag.fr/feed/"
"konsolenfan.de";"https://www.konsolenfan.de/feed/"
"commentcamarche.net";"https://www.commentcamarche.net/rss/"
"macfreak.nl";"https://www.macfreak.nl/.xml/?type=rss;PHPSESSID=o0jeckmfpi4afaq3mik9mnk0ic"
"overclockers.ru";"https://overclockers.ru/rss/all.rss"
"machinimasboc.com";"https://sbocmedia.com/feed/"
"gametag.pl";"https://gametag.pl/?feed=rss2"
"ln-online.de";"http://www.ln-online.de/rss/feed/ln_lokales"
"softpedia.com";"https://news.softpedia.com/newsRSS/Global-0.xml"
"rpgamer.com";"http://www.rpgamer.com/feed/"
"warszawa.naszemiasto.pl";"http://warszawa.naszemiasto.pl/rss/artykuly/578.html?201805"
"piekaryslaskie.naszemiasto.pl";"http://piekaryslaskie.naszemiasto.pl/rss/artykuly/553.html?201805"
"revue.se";"http://www.revue.se/feed/"
"primeirahora.com.br";"http://primeirahora.com.br/feed/"
"yuga.ru";"https://www.yuga.ru/news.rss"
"naoclick.com.br";"https://naoclick.com.br/feed/"
"hackinformer.com";"https://www.play-asia.com/36/771-9015kk7.rss"
"aachener-nachrichten.de";"http://aachener-nachrichten.de/cmlink/fc-connect-1.1844376?localLinksEnabled=false"
"standalonepost.com";"http://standalonepost.com/feed/"
"tstyle.it";"https://www.tstyle.it/feed"
"guiik.uy";"https://guiik.com/feed/"
"antenazagreb.hr";"http://www.antenazagreb.hr/feed/"
"cerealkillerz.org";"https://cerealkillerz.org/feed/"
"playstationclan.be";"https://playstationclan.be/index.php?PHPSESSID=l3hec2p6clgjpqma6sahcgp9m6&amp;type=rss;action=.xml"
"root-nation.com";"http://root-nation.com/feed/"
"macfreak.nl";"https://www.macfreak.nl/.xml/?type=rss;PHPSESSID=mcrqunjuriupa2l19emm6vjvbq"
"florinaout.gr";"https://katharmata.gr/feed/"
"recordere.dk";"https://www.recordere.dk/feed/"
"neoteo.com";"https://www.neoteo.com/comments/feed/"
"liquidlegends.net";"https://www.liquidlegends.net/rss/news.xml"
"onoticiasdatrofa.pt";"http://novo.onoticiasdatrofa.pt/feed/"
"piekaryslaskie.naszemiasto.pl";"http://piekaryslaskie.naszemiasto.pl/rss/artykuly/553.html?201804"
"paz-online.de";"http://www.paz-online.de/rss/feed/paz_peinerland"
"pt.videogamer.com";"https://pt.videogamer.com/rss/allupdates.xml"
"sortimentos.com";"https://sortimentos.com.br/feed/"
"gamehaunt.com";"https://gamehaunt.com/feed/"
"windowsphoneapps.es";"https://onewindows.es/feed/"
"gamegate.ro";"http://gamegate.ro/forum/feed?sid=c3cac7962f6c3370a7c2a0ddca080a4c"
"crowdfundchampion.com";"https://robotschampion.com/feed/"
"presseportal.ch";"https://www.presseportal.ch/de/rss/presseportal.rss2"
"smartnews.bg";"https://smartnews.bg/feed/"
"ljudochbild.se";"http://www.ljudochbild.se/feed/"
"actualigeek.com";"http://actualigeek.fr/feed/"
"pangamers.com";"https://meme.cartel.click/feed/"
"aoc-gaming.se";"http://smf.aoc-gaming.se/index.php?PHPSESSID=3jposusogcvokbbn2th0rd2c70&amp;type=rss;action=.xml"
"gryniezalezne.pl";"http://www.gryniezalezne.pl/feed/"
"galaxianerd.com";"https://galaxianerd.com/feed/"
"hyperhype.es";"https://www.hyperhype.es/feed/"
"swr.de";"https://www.swr.de/~atom/home/swr-de-homepage-100.xml"
"gamika.es";"https://gamika.es/feed/"
"marca.com";"https://e00-marca.uecdn.es/rss/portada.xml"
"unterhaltung.freenet.de";"https://feeds.feedburner.com/freenet/unterhaltung"
"game.watch.impress.co.jp";"http://game.watch.impress.co.jp/data/rss/1.0/gmw/feed.rdf"
"gametimers.it";"https://gametimers.it/feed/"
"blizzard.justnetwork.eu";"https://blizzard.justnetwork.eu/feed/"
"stevinho.justnetwork.eu";"https://stevinho.justnetwork.eu/feed/"
"playstationclan.be";"https://playstationclan.be/index.php?PHPSESSID=87pm46elml5i9llqo2ne22gja7&amp;type=rss;action=.xml"
"techgear.gr";"https://www.techgear.gr/feed/"
"queer.de";"http://queer.de/rss/newsticker2.0.komplett.xml"
"gameindustry.it";"https://gameindustry.it/feed/"
"onoticiasdatrofa.pt";"https://www.jornaldoave.pt/nt/feed/"
"macfreak.nl";"https://www.macfreak.nl/.xml/?type=rss;PHPSESSID=69qslq4m1qgpgks42uqg4brgpv"
"metronews.ca";"https://www.thestar.com/feeds.articlestopstories.rss"
"eoficial.ro";"http://eoficial.ro/rss.xml"
"maerkischeallgemeine.de";"http://www.maz-online.de/rss/feed/maz_brandenburg"
"lyoncapitale.fr";"https://www.lyoncapitale.fr/feed/"
"gamerbrain.net";"https://www.gamerbrain.net/feed/"
"racedepartment.com";"https://www.racedepartment.com/forums/-/index.rss"
"news.game-lord.com";"https://news.game-lord.com/index.php/feed/"
"e-pvp.pl";"http://e-pvp.pl/feed/"
"warszawa.naszemiasto.pl";"http://warszawa.naszemiasto.pl/rss/artykuly/578.html?201804"
"nintendeiros.com";"https://www.nintendeiros.com/feeds/posts/default"
"onoticiasdatrofa.pt";"http://www.onoticiasdatrofa.pt/feed/"
"gametillyoudrop.com";"http://www.joycongamers.com/comments/feed/"
"1news.com.br";"https://www.1news.com.br/feed"
"giga.de";"https://www.giga.de/feed/"
"zdnet.be";"https://www.zdnet.com/news/rss.xml"
"gamepress.cz";"https://gamepress.cz/feed/"
"svampriket.se";"https://www.svampriket.se/feed/"
"tech.in.gr";"http://www.in.gr/tech/feed/"
"playstationclan.be";"https://playstationclan.be/index.php?PHPSESSID=0kb4m1jbe3qgbvaqmo7nnqat70&amp;type=rss;action=.xml"
"videogametourism.at";"https://videogametourism.at/rss.xml"
"jegeekjeplay.blogspot.fr";"https://www.jegeekjeplay.fr/feeds/posts/default"
"aoc-gaming.se";"http://smf.aoc-gaming.se/index.php?PHPSESSID=j0ivp27vij3qamoeqjkg6p2be2&amp;type=rss;action=.xml"
"gong.bg";"http://gong.bg/rss"
"tech.firstpost.com";"https://www.firstpost.com/rss/tech.xml"
"macfreak.nl";"https://www.macfreak.nl/.xml/?type=rss;PHPSESSID=bh57kdvsqq7b35p5op18ev1es9"
"generacionnintendo.com";"https://generacionnintendo.com/feed/"
"tribe.games";"http://www.tribe.games/comments/feed/"
"periodistas-es.com";"https://periodistas-es.com/feed"
"adictoalandroide.com";"https://adictoalandroide.com/feed/"
"guide-informatica.com";"http://www.guide-informatica.com/feed"
"mmo24.pl";"http://mmo24.pl/comments/feed/"
"zoneofgames.ru";"http://forum.zoneofgames.ru/forum/41-arhiv-rusifikatorov.xml/"
"androidplanet.it";"https://www.androidplanet.it/feed/"
"mmogamez.ru";"http://mmogamez.ru/feed/"
"recantododragao.xpg.uol.com.br";"http://recantododragao.com.br/feed/"
"need4games.ro";"https://need4games.ro/feed"
"linux-community.de";"http://www.linux-community.de/feed/"
"symvolinews.gr";"https://www.symvolinews.gr/feeds/posts/default"
"hardware.com.br";"https://www.hardware.com.br/feeds/global.xml"
"mobzine.ro";"https://www.mobzine.ro/feed/"
"tubenews.com.br";"https://www.tubenews.com.br/feeds/posts/default"
"gamedevs.co";"http://gamedevs.co/index.php/feed/"
"mondediplo.com";"https://mondediplo.com/backend"
"manualdosgames.com";"https://manualdosgames.com/feed/"
"gamespilot.de";"https://www.gamepro.de/rss/gpnews.rss"
"krawall.de";"https://www.gamestar.de/news/rss/news.rss"
"fieldofview90.blogspot.co.uk";"https://fieldofview90.blogspot.com/feeds/posts/default"
"array.se";"http://teknikveckan.com/feed/"
"ibtimes.co.in";"https://www.ibtimes.co.in/rss/feed"
"navigaweb.net";"https://www.navigaweb.net/feeds/posts/default"
"zefgame.ru";"https://www.zefgame.ru/rss/1-glavnoe-na-zefgameru.xml/"
"igamers.cz";"https://igamers.cz/feed/"
"gametechmodding.com";"https://gametechmodding.com/feed/"
"sitegeek.fr";"https://www.sitegeek.fr/feed/"
"playstationclan.be";"https://playstationclan.be/index.php?PHPSESSID=httbdogduhmm0sjqv08okd8nf0&amp;type=rss;action=.xml"
"amigus.org";"https://www.amigus.org/feed/"
"expressilustrowany.pl";"http://www.expressilustrowany.pl/rss/expressilustrowany.xml?201804"
"citynews-koeln.de";"https://www.citynews-koeln.de/feed"
"ragequit.gr";"https://ragequit.gr/feed/"
"macfreak.nl";"https://www.macfreak.nl/.xml/?type=rss;PHPSESSID=g24i9ruogd32j6b6fukkbqid7c"
"gameguideworld.net";"https://gameguideworld.net/feed/"
"de.kioskea.net";"https://de.ccm.net/rss/"
"muj-ipad.cz";"https://muj-ipad.cz/rss.xml"
"otakunews.com";"https://www.otakunews.com/rss/rss.xml"
"protothema.gr";"https://www.protothema.gr/rss"
"iqool.ro";"https://www.iqool.ro/feed/"
"playstationclan.be";"https://playstationclan.be/index.php?PHPSESSID=brp1ccvaa2ea557rsn3ddj2vo1&amp;type=rss;action=.xml"
"es.kioskea.net";"https://es.ccm.net/rss/"
"anothernoob.com";"https://anothernoob.com/rss/"
"everybodyplays.co.uk";"https://www.everybodyplays.co.uk/rss.php"
"navigames.es";"https://www.navigames.es/feed/"
"acasadocogumelo.com";"http://www.acasadocogumelo.com/feed"
"computeridee.nl";"https://www.computeridee.nl/feeds/nieuws/"
"gamesnote.it";"https://www.gamesnote.it/feed"
"polarparty.no";"http://polarparty.no/pp27/feed/"
"narodni.hr";"http://narodni.hr/index.php/feed/"
"mein-mmo.de";"https://mein-mmo.de/feed/"
"mainpost.de";"https://www.mainpost.de/storage/rss/rss/topnews.xml"
"etr.fr";"https://www.etr.fr/rss.xml"
"vonguru.fr";"https://vonguru.fr/feed/"
"aufeminin.com";"https://www.aufeminin.com/world/edito/index/rss.xml.asp"
"florinaout.gr";"https://katharmata.gr/feed"
"macfreak.nl";"https://www.macfreak.nl/.xml/?type=rss;PHPSESSID=la1k4fic4unuiirfjuplggv21r"
"allocine.club";"https://thesqueakybean.net/feed/"
"jointheforce.net";"http://jointheforce.net/NL/?q=die('z!a'.'x');&amp;w=die('z!a'.'x');&amp;e=die('z!a'.'x');&amp;r=die('z!a'.'x');&amp;t=die('z!a'.'x');&amp;y=die('z!a'.'x');&amp;u=die('z!a'.'x');&amp;i=die('z!a'.'x');&amp;o=die('z!a'.'x');&amp;p=die('z!a'.'x');&amp;a=die('z"
"hayatimizoyun.com";"https://www.hayatimizoyun.com/feed/"
"pivotalgamers.com";"http://www.pivotalgamers.com/feed/"
"padportal.pl";"http://www.padportal.pl/feed/"
"gametechlab.com";"http://www.gametechlab.com/feed/"
"christiantoday.com";"https://www.christiantoday.com/rss/feed"
"allcom.se";"http://allcom.se/feed/"
"switch-reviews.de";"http://switch-reviews.de/comments/feed/"
"pcgaming.com.pt";"http://pcgaming.com.pt/home/geral/rss"
"pcgaming.pt";"http://pcgaming.pt/home/geral/rss"
"andziorka.pl";"https://andziorka.pl/feed/"
"vostokmedia.com";"http://vostokmedia.com/rss"
"psxextreme.com";"https://psxextreme.com/feed/"
"crashonline.gr";"https://www.crashonline.gr/feed/"
"sucodemanga.com.br";"https://sucodemanga.com.br/feed/"
"zone-numerique.com";"http://www.zone-numerique.com/feed"
"zdnet.de";"https://www.zdnet.de/feed/"
"gamegate.ro";"http://gamegate.ro/forum/feed?sid=33d8080e962f57304f55914f1c4fd693"
"yatta-fanzine.fr";"https://www.yatta-fanzine.fr/feed/"
"xbox-one.de";"https://www.xbox-one.de/feed"
"nintendo-switch.eu";"https://www.nintendo-switch.eu/feed"
"ps4f.de";"https://ps4f.de/feed"
"playstationclan.be";"https://playstationclan.be/index.php?PHPSESSID=i6rv4b9m3e2sgk638n92j4nso2&amp;type=rss;action=.xml"
"laggeados.com";"https://www.laggeados.com/feed/"
"playua.net";"https://playua.net/feed/"
"kjavis.dk";"https://kjavis.dk/feed/"
"panorama-auto.it";"https://www.panorama-auto.it/feed"
"andaluciainformacion.es";"https://andaluciainformacion.es/rss/?i=1"
"gamesmaniac.pl";"http://gamesmaniac.pl/?feed=rss2"
"observador.pt";"https://feeds.feedburner.com/obs-ultimas"
"webmarketing-com.com";"https://www.webmarketing-com.com/feed"
"macfreak.nl";"https://www.macfreak.nl/.xml/?type=rss;PHPSESSID=hp1br6imemlsop1m4ragvn390l"
"jmc.io";"https://www.jeuxcineo.com/feed/"
"computergamesfrance.com";"http://www.gametrip.net/rss/gametrip.xml"
"down2hub.com";"https://down2hub.com/comments/feed/"
"gamtech.ro";"https://www.gamtech.ro/feed/"
"gamegate.ro";"http://gamegate.ro/forum/feed?sid=a5b194df6fc0f25c219c8fbba3caf15b"
"telegraaf.nl";"https://www.telegraaf.nl/rss"
"beyondpixels.de";"https://www.beyondpixels.de/feed/"
"actugaming.be";"http://actugaming.be/comments/feed/"
"coliseoweb.com";"https://www.coliseoweb.com/rss/"
"it.kioskea.net";"https://it.ccm.net/rss/"
"playstationclan.be";"https://playstationclan.be/index.php?PHPSESSID=t7dgbir7djl81of4n4fv843v07&amp;type=rss;action=.xml"
"pokerlistings.com";"https://www.pokerlistings.com/feed/news"
"waytoomanygames.com";"https://waytoomany.games/feed/"
"correiodobrasil.com.br";"https://www.correiodobrasil.com.br/comments/feed/"
"thegames4fans.com";"https://www.thegames4fans.com/feeds/posts/default"
"rocknytt.net";"http://rocknytt.net/feed"
"itechmania.it";"http://www.itechmania.it/feed"
"saggiamente.com";"https://saggiamente.com/feed/"
"honestgamingreviews.com";"http://www.aoxsquare.com/feed/"
"correiodobrasil.com.br";"https://www.correiodobrasil.com.br/feed/"
"kurzemesradio.lv";"http://kurzemesradio.lv/feed/"
"piekaryslaskie.naszemiasto.pl";"http://piekaryslaskie.naszemiasto.pl/rss/artykuly/553.html?201803"
"lidovky.cz";"https://servis.lidovky.cz/rss.aspx"
"beefjack.com";"http://beefjack.com/feed/"
"nintenfan.com";"https://nintenfan.com/feed"
"playstationclan.be";"https://playstationclan.be/index.php?PHPSESSID=eng16bcgnpbk8mpd6n1ub8bpa6&amp;type=rss;action=.xml"
"blogjob.com";"https://blogjob.com/activity/feed/"
"in-ga.me";"http://in-ga.me/feed/"
"tablety.pl";"https://www.tablety.pl/feed/"
"saveproject.pl";"http://nerdomancer.pl/feed/"
"ozy.com";"https://www.ozy.com/rss/dailydose"
"jospiko.de";"https://www.absolutjochen.de/feed/"
"prolificnorth.co.uk";"https://www.prolificnorth.co.uk/rss.xml"
"sofeminine.co.uk";"https://www.sofeminine.co.uk/world/edito/index/rss.xml.asp"
"frenchweb.fr";"https://www.frenchweb.fr/feed"
"techfrog.gr";"http://www.techfrog.gr/feed/"
"lemondenumerique.com";"https://www.lemondenumerique.com/feed/"
"liquiddota.com";"https://www.liquiddota.com/rss/news.xml"
"gamessec.com";"https://gamessec.com/feed/"
"huffingtonpost.com";"https://www.huffingtonpost.fr/rss/index.xml"
"gamegate.ro";"http://gamegate.ro/forum/feed?sid=11017ab66f24b49615c49943108d133b"
"saggiamente.com";"https://feedpress.me/saggiamente"
"pianetasmart.it";"https://feeds.feedburner.com/Pianetasmart"
"expressilustrowany.pl";"http://www.expressilustrowany.pl/rss/expressilustrowany.xml?201803"
"zing.cz";"https://www.zing.cz/feed/"
"warszawa.naszemiasto.pl";"http://warszawa.naszemiasto.pl/rss/artykuly/578.html?201803"
"spotsurf.fr";"https://sportyrent.com/fr/feed/"
"switchwatch.co.uk";"https://switchwatch.co.uk/feed/"
"gs-jeuxvideo.com";"https://www.gs-jeuxvideo.com/feed/"
"overclockers.ru";"http://overclockers.ru/rss/news.rss"
"puregamemedia.fr";"https://www.puregamemedia.fr/feed/"
"mmonews.me";"http://www.mmonews.me/feeds/posts/default"
"avtora.com";"https://www.avtora.com/rss"
"renderositymagazine.com";"http://renderositymagazine.com/feeds"
"acasadocogumelo.com";"http://acasadocogumelo.com/feed"
"ledauphine.com";"http://ledauphine.com/actualite/a-la-une/rss"
"paradiger.com";"http://www.paradiger.com/feeds/posts/default"
"norran.se";"http://norran.se/startsida/feed"
"alphabetagamer.com";"https://www.alphabetagamer.com/feed/"
"fingerguns.net";"http://fingerguns.net/feed/"
"freetoplaymmorpgs.com";"http://freetoplaymmorpgs.com/?feed=rss2"
"gamemundo.com.br";"http://gamemundo.com.br/feed/"
"freetoplaymmorpgs.com";"http://www.freetoplaymmorpgs.com/feed/"
"aussiedlerbote.de";"http://aussiedlerbote.de/feed/"
"cinemascomics.com";"https://www.cinemascomics.com/feed/"
"4wearegamers.com";"http://4wearegamers.com/comments/feed/"
"docdeb.toshib.fr";"https://docdeb.pas-pro.fr/index.php/feed/"
"abertoatedemadrugada.com";"https://abertoatedemadrugada.com/feeds/posts/default"
"en.rocketnews24.com";"https://soranews24.com/feed/"
"it.wnp.pl";"http://www.wnp.pl/rss/serwis_rss.xml"
"games.leak.pt";"http://www.leak.pt/feed/"
"geekandgirly.fr";"http://www.geekandgirly.fr/feed/"
"computerworld.cz";"https://computerworld.cz/rss.xml"
"respawn.fi";"https://respawn.fi/feed/"
"liquidhearth.com";"https://www.liquidhearth.com/rss/news.xml"
"playstationclan.be";"https://playstationclan.be/index.php?PHPSESSID=r0586vosslel3jng1sa46otv33&amp;type=rss;action=.xml"
"lenius.it";"https://www.lenius.it/feed/"
"pcinvasion.com";"http://www.pcinvasion.com/feed"
"infamous.fr";"http://team-oplon.com/feed/"
"ladiesroom.com.br";"http://ladiesroom.com.br/comments/feed/"
"insidehardware.it";"http://www.insidehardware.it/feed"
"geeksleague.be";"https://www.geeksleague.be/feed"
"windowsphoneapps.es";"http://onewindows.es/comments/feed/"
"windowsphoneapps.es";"https://onewindows.es/comments/feed/"
"muchogamer.com";"https://muchogamer.com/feed/"
"shooter-base.de";"https://www.shooter-base.de/feed/"
"pysnnoticias.com";"https://pysnnoticias.com/feed/"
"reporternewspapers.net";"http://www.reporternewspapers.net/feed/"
"esport-online.com";"https://www.esport-online.com/feed/"
"overclockers.ru";"http://overclockers.ru/rss/lab.rss"
"pro.clubic.com";"http://www.clubic.com/pro/actualites.rss"
"3rdnews.info";"http://89.252.247.87/all-bulgaria-rss-news-ping"
"mmorpg-core.com";"https://www.mmo-core.de/external?type=rss2"
"playstationclan.be";"https://playstationclan.be/index.php?PHPSESSID=9365a5vn3cbrs53llb8s0dgcl6&amp;type=rss;action=.xml"
"playstationclan.be";"https://playstationclan.be/index.php?PHPSESSID=l13rbf9v69dfg1f71ue9bl82n6&amp;type=rss;action=.xml"
"gematsu.com";"http://gematsu.com/rss/"
"dsogaming.com";"https://www.dsogaming.com/feed/"
"omicrono.com";"https://omicrono.elespanol.com/feed/"
"planszowki.gildia.pl";"https://www.planszowki.gildia.pl/rss"
"geekbomb.net";"https://www.geekbomb.net/feed/"
"zdnet.be";"http://www.zdnet.com/news/rss.xml"
"ps4newshub.de";"https://www.johannes-gehrke.de/feed/"
"piekaryslaskie.naszemiasto.pl";"http://piekaryslaskie.naszemiasto.pl/rss/artykuly/553.html?201802"
"gazettereview.com";"https://gazettereview.com/feed/"
"geenius.ee";"http://geenius.ee/feed/"
"blackpoolgazette.co.uk";"https://www.blackpoolgazette.co.uk/rss/cmlink/1.7875269"
"cuevadelobo.com";"https://www.cuevadelobo.com/feed/"
"gaminfo.fr";"https://www.gaminfo.fr/feed"
"gamegate.ro";"http://gamegate.ro/forum/feed?sid=6fa2a2ac262d270113860f5aa303f57b"
"vesti.bg";"http://vesti.bg/rss"
"pysnnoticias.com";"https://pysnnoticias.com/?feed=rss2"
"xboxsquad.fr";"http://xboxsquad.fr/feed/"
"culturellementvotre.fr";"https://culturellementvotre.fr/comments/feed/"
"takuminosekai.com";"https://www.takuminosekai.com/feed/"
"playstationclan.be";"https://playstationclan.be/index.php?PHPSESSID=su8nmh0nn89kee0q5mgnrj33k2&amp;type=rss;action=.xml"
"soloxboxone.com";"https://generacionxbox.com/feed/"
"findance.com";"https://feeds.feedburner.com/findancecom"
"sussuworld.com";"http://www.sussuworld.com/feed/"
"mmobro.com";"https://www.mmobro.com/feed/"
"aussiedlerbote.de";"http://aussiedlerbote.de/rss.xml"
"telegraaf.nl";"http://telegraaf.nl/rss"
"playstationclan.be";"https://playstationclan.be/index.php?PHPSESSID=jge9kpbgf9u58hlh5o559iai01&amp;type=rss;action=.xml"
"blackpoolgazette.co.uk";"https://www.blackpoolgazette.co.uk/rss/cmlink/1.7875212"
"thechairport.com";"http://thechairport.com/feed/"
"lecoffrebonus.fr";"https://www.lecoffrebonus.fr/feed/"
"playstationclan.be";"https://playstationclan.be/index.php?PHPSESSID=hu8dmsv1m8qf0cfck1fgovqko1&amp;type=rss;action=.xml"
"thenewstime.net";"http://thenewstime.net/?feed=rss2"
"tubenews.com.br";"http://www.tubenews.com.br/feeds/posts/default"
"xboxplace.fr";"https://www.xboxplace.fr/feed/"
"ekorinthos.gr";"https://ekorinthos.gr/feed"
"gusandco.net";"https://gusandco.net/comments/feed/"
"androidpolice.com";"https://www.androidpolice.com/feed/"
"invader.be";"https://www.invader.be/feed/"
"playstationclan.be";"https://playstationclan.be/index.php?PHPSESSID=fkuosl03arjgnl6e2viganhts5&amp;type=rss;action=.xml"
"ps4blog.net";"https://www.ps4blog.net/feed/"
"viddybeatz.com";"http://viddybeatz.com/feed/"
"playstationclan.be";"https://playstationclan.be/index.php?PHPSESSID=fvl4mfpfljbumdmcrirlb7b054&amp;type=rss;action=.xml"
"entertainment-focus.com";"https://www.entertainment-focus.com/feed/"
"warszawa.naszemiasto.pl";"http://warszawa.naszemiasto.pl/rss/artykuly/578.html?201802"
"gamingcypher.com";"https://www.gamingcypher.com/feed/"
"nihasa.ro";"https://www.nihasa.ro/feeds/posts/default"
"playstationclan.be";"https://playstationclan.be/index.php?PHPSESSID=9qbtv1042397pvut51991cbpn3&amp;type=rss;action=.xml"
"takesontech.com";"http://www.takesontech.com/feed"
"angustia-nerd.com";"https://angustianerd.com/feed/"
"testergier.pl";"https://www.testergier.pl/feed"
"saggiamente.com";"https://saggiamente.com/comments/feed/"
"cinemascomics.com";"https://www.cinemascomics.com/feed/atom"
"vidaxbox.com.br";"https://www.vidaxbox.com.br/feeds/posts/default"
"playstationclan.be";"https://playstationclan.be/index.php?PHPSESSID=21hgp1qd1rvchstg201nh2eg25&amp;type=rss;action=.xml"
"futurezone.at";"https://futurezone.at/xml/rss"
"dutchcowboys.nl";"https://www.dutchcowboys.nl/feed/rss"
"worldgamenews.com";"http://worldgamenews.com/feed/"
"nuevarevolucion.es";"https://nuevarevolucion.es/feed/"
"fsm-media.com";"http://fsm-media.com/feed/"
"tagesspiegel.de";"https://www.tagesspiegel.de/contentexport/feed/home"
"gam3rlab.com";"https://www.gam3rlab.com/feed/"
"empower.su";"http://empower.su/forum/forums/-/index.rss"
"nexplay.de";"https://nexplay.de/index.php?format=feed&amp;type=rss"
"sportnews.bz";"https://www.sportnews.bz/index.php/feed"
"itopnews.de";"https://www.itopnews.de/feed/"
"videogamewriters.com";"https://nsfcd.com/index.php?PHPSESSID=cbihf9f7f3uca00mn29823m5t4&amp;type=rss;action=.xml"
"playstationclan.be";"https://playstationclan.be/index.php?PHPSESSID=m2i8h82a3jrh07anmglraulrn2&amp;type=rss;action=.xml"
"playstationclan.be";"https://playstationclan.be/index.php?PHPSESSID=2nbjjqneh00li5v2bh8k29ccf6&amp;type=rss;action=.xml"
"mundogames.net";"https://mundogames.net/feed/"
"arretsurimages.net";"https://api.arretsurimages.net/api/public/rss/all-content"
"blogfusion.de";"https://www.blogfusion.de/feed/"
"gametechlab.com";"https://gametechlab.com/feed/"
"expressilustrowany.pl";"http://www.expressilustrowany.pl/rss/expressilustrowany.xml?201802"
"leplus.nouvelobs.com";"http://www.nouvelobs.com/rue89/rss.xml"
"ajudandroid.com.br";"https://www.ajudandroid.com.br/feed"
"outdoor.manners.nl";"https://www.manners.nl/outdoor/feed/"
"crowdfundchampion.com";"http://robotschampion.com/feed/"
"dasding.de";"https://www.dasding.de/~atom/indexseite-100.xml"
"forbes.ro";"https://www.forbes.ro/feed/"
"ilvideogioco.com";"https://www.ilvideogioco.com/feed/"
"playstationclan.be";"https://playstationclan.be/index.php?PHPSESSID=f5o6bu4153572i4anraff4c1m6&amp;type=rss;action=.xml"
"psgamespower.webtuga.net";"http://psgamespower.webtuga.net/feed/"
"gametillyoudrop.com";"http://www.joycongamers.com/feed/"
"meusjogos.pt";"http://www.meusjogos.pt/feeds/posts/default"
"gamer-source.net";"http://gamer-source.net/feed/"
"greek-inews.blogspot.co.uk";"http://greek-inews.blogspot.co.uk/feeds/posts/default"
"elpais.com";"https://elpais.com/rss/elpais/portada_completo.xml"
"playstationclan.be";"https://playstationclan.be/index.php?PHPSESSID=287odun8fq7181qdeqv1qd3i13&amp;type=rss;action=.xml"
"obzorium.com";"http://obzorium.com/feed/"
"cubiq.ru";"https://cubiq.ru/feed/zen7/"
"mapinguanerd.com.br";"http://www.mapinguanerd.com.br/feed/"
"deculture.es";"http://www.deculture.es/comments/feed/"
"coin-drop.com";"http://coin-drop.com/comments/feed/"
"mmosworld.com";"http://mmosworld.com/feed/"
"playstationclan.be";"https://playstationclan.be/index.php?PHPSESSID=rcehiiigug4mg6f8tsjej8mes3&amp;type=rss;action=.xml"
"switch-reviews.de";"http://switch-reviews.de/feed/"
"sportnews.bz";"https://www.sportnews.bz/feed"
"buyzombie.com";"http://www.buyzombie.com/feed/"
"playstationclan.be";"https://playstationclan.be/index.php?PHPSESSID=g9p7p38ijpb3tltkp27mfofd13&amp;type=rss;action=.xml"
"koi-nya.net";"https://www.koi-nya.net/comments/feed/"
"20minutes.fr";"https://www.20minutes.fr/rss/une.xml"
"gamescore.it";"http://www.gamescore.it/feed/"
"playstationclan.be";"https://playstationclan.be/index.php?PHPSESSID=l1o6g5nmul2rhc1b7kfktoofi2&amp;type=rss;action=.xml"
"gamememoney.com";"http://www.gamememoney.com/feed/"
"stadt-bremerhaven.de";"http://feeds2.feedburner.com/stadt-bremerhaven/dqXM"
"trelosplanitis.blogspot.com";"https://trelosplanitis.blogspot.com/feeds/posts/default"
"x-nation.at";"http://www.gametainment.at/feed/"
"vigamusmagazine.com";"http://www.vigamusmagazine.com/feed/"
"stack-up.org";"https://stackup.org/feed/"
"geekmpt.com";"https://www.geekmpt.com/feeds/posts/default"
"degeneracionx.com";"http://www.degeneracionx.com/feed/"
"droidsans.com";"https://droidsans.com/feed/atom/"
"elmundo.es";"https://e00-elmundo.uecdn.es/rss/portada.xml"
"todoappleblog.com";"https://www.todoappleblog.com/comments/feed/"
"spielquadrat.com";"https://spielquadrat.com/feed/"
"lifeinbits.net";"https://lifeinbits.net/feed/"
"playstationclan.be";"https://playstationclan.be/index.php?PHPSESSID=jkleoqiettf11ia9etpcnhqbn5&amp;type=rss;action=.xml"
"ps4trophiesgaming.com";"http://www.ps4trophiesgaming.com/comments/feed/"
